Post Index,Processing Time (seconds)
1,8.302795886993408
2,9.763301849365234
3,7.955770969390869
4,8.419668912887573
5,8.236910104751587
6,8.094202995300293
7,8.327368974685669
8,8.493093013763428
9,8.722481966018677
10,8.673873901367188
