Post Index,Processing Time (seconds)
1,1.2336077690124512
2,1.3328309059143066
3,1.170116901397705
4,1.1992278099060059
5,1.2442069053649902
6,1.2993700504302979
7,1.1387062072753906
8,1.1241390705108643
9,1.1442909240722656
10,1.35032320022583
